[
    {
        "_id": "5c1b826d8a6e0a0004a71c89",
        "name": "Mecheo",
        "constituency": "Kitutu Masaba",
        "county": "Nyamira",
        "__v": 0
    },
    {
        "_id": "5c1b82858a6e0a0004a71c8a",
        "name": "Gachuba",
        "constituency": "Kitutu Masaba",
        "county": "Nyamira",
        "__v": 0
    },
    {
        "_id": "5c1b828e8a6e0a0004a71c8b",
        "name": "Gesima",
        "constituency": "Kitutu Masaba",
        "county": "Nyamira",
        "__v": 0
    },
    {
        "_id": "5c1b82978a6e0a0004a71c8c",
        "name": "Getare",
        "constituency": "Kitutu Masaba",
        "county": "Nyamira",
        "__v": 0
    },
    {
        "_id": "5c1b829f8a6e0a0004a71c8d",
        "name": "Kemera",
        "constituency": "Kitutu Masaba",
        "county": "Nyamira",
        "__v": 0
    },
    {
        "_id": "5c1b82a98a6e0a0004a71c8e",
        "name": "Magombo",
        "constituency": "Kitutu Masaba",
        "county": "Nyamira",
        "__v": 0
    },
    {
        "_id": "5c1b82b28a6e0a0004a71c8f",
        "name": "Manga",
        "constituency": "Kitutu Masaba",
        "county": "Nyamira",
        "__v": 0
    },
    {
        "_id": "5c1b82bb8a6e0a0004a71c90",
        "name": "Mochenwa",
        "constituency": "Kitutu Masaba",
        "county": "Nyamira",
        "__v": 0
    },
    {
        "_id": "5c1b82c48a6e0a0004a71c91",
        "name": "Nyankoba",
        "constituency": "Kitutu Masaba",
        "county": "Nyamira",
        "__v": 0
    },
    {
        "_id": "5c1b82ce8a6e0a0004a71c92",
        "name": "Nyasore",
        "constituency": "Kitutu Masaba",
        "county": "Nyamira",
        "__v": 0
    },
    {
        "_id": "5c1b82d78a6e0a0004a71c93",
        "name": "Rigoma",
        "constituency": "Kitutu Masaba",
        "county": "Nyamira",
        "__v": 0
    },
    {
        "_id": "5c1b83108a6e0a0004a71c94",
        "name": "Kebirigo",
        "constituency": "West Mugirango",
        "county": "Nyamira",
        "__v": 0
    },
    {
        "_id": "5c1b83188a6e0a0004a71c95",
        "name": "Nyamira",
        "constituency": "West Mugirango",
        "county": "Nyamira",
        "__v": 0
    },
    {
        "_id": "5c1b83228a6e0a0004a71c96",
        "name": "Rangenyo",
        "constituency": "West Mugirango",
        "county": "Nyamira",
        "__v": 0
    },
    {
        "_id": "5c1b832a8a6e0a0004a71c97",
        "name": "Sironga",
        "constituency": "West Mugirango",
        "county": "Nyamira",
        "__v": 0
    },
    {
        "_id": "5c1b83338a6e0a0004a71c98",
        "name": "Bogichora",
        "constituency": "West Mugirango",
        "county": "Nyamira",
        "__v": 0
    },
    {
        "_id": "5c1b833c8a6e0a0004a71c99",
        "name": "Bonyamatuta",
        "constituency": "West Mugirango",
        "county": "Nyamira",
        "__v": 0
    },
    {
        "_id": "5c1b83468a6e0a0004a71c9a",
        "name": "Gesiaga",
        "constituency": "West Mugirango",
        "county": "Nyamira",
        "__v": 0
    },
    {
        "_id": "5c1b83508a6e0a0004a71c9b",
        "name": "Keera",
        "constituency": "West Mugirango",
        "county": "Nyamira",
        "__v": 0
    },
    {
        "_id": "5c1b83608a6e0a0004a71c9c",
        "name": "Miruka-Nyamaiya",
        "constituency": "West Mugirango",
        "county": "Nyamira",
        "__v": 0
    },
    {
        "_id": "5c1b836b8a6e0a0004a71c9d",
        "name": "Motagara",
        "constituency": "West Mugirango",
        "county": "Nyamira",
        "__v": 0
    },
    {
        "_id": "5c1b83bb8a6e0a0004a71c9e",
        "name": "Central",
        "constituency": "North Mugirango",
        "county": "Nyamira",
        "__v": 0
    },
    {
        "_id": "5c1b83c38a6e0a0004a71c9f",
        "name": "Ensakia",
        "constituency": "North Mugirango",
        "county": "Nyamira",
        "__v": 0
    },
    {
        "_id": "5c1b83cb8a6e0a0004a71ca0",
        "name": "Manga",
        "constituency": "North Mugirango",
        "county": "Nyamira",
        "__v": 0
    },
    {
        "_id": "5c1b83d48a6e0a0004a71ca1",
        "name": "Matutu",
        "constituency": "North Mugirango",
        "county": "Nyamira",
        "__v": 0
    },
    {
        "_id": "5c1b83de8a6e0a0004a71ca2",
        "name": "Bomwagamo",
        "constituency": "North Mugirango",
        "county": "Nyamira",
        "__v": 0
    },
    {
        "_id": "5c1b83e78a6e0a0004a71ca3",
        "name": "Ekerenyo",
        "constituency": "North Mugirango",
        "county": "Nyamira",
        "__v": 0
    },
    {
        "_id": "5c1b83ef8a6e0a0004a71ca4",
        "name": "Esise",
        "constituency": "North Mugirango",
        "county": "Nyamira",
        "__v": 0
    },
    {
        "_id": "5c1b83f98a6e0a0004a71ca5",
        "name": "Kiabonyoru",
        "constituency": "North Mugirango",
        "county": "Nyamira",
        "__v": 0
    },
    {
        "_id": "5c1b84028a6e0a0004a71ca6",
        "name": "Kiangeni",
        "constituency": "North Mugirango",
        "county": "Nyamira",
        "__v": 0
    },
    {
        "_id": "5c1b840a8a6e0a0004a71ca7",
        "name": "Mageri",
        "constituency": "North Mugirango",
        "county": "Nyamira",
        "__v": 0
    },
    {
        "_id": "5c1b84118a6e0a0004a71ca8",
        "name": "Magwagwa",
        "constituency": "North Mugirango",
        "county": "Nyamira",
        "__v": 0
    },
    {
        "_id": "5c1b841d8a6e0a0004a71ca9",
        "name": "Mekenene",
        "constituency": "North Mugirango",
        "county": "Nyamira",
        "__v": 0
    },
    {
        "_id": "5c1b84268a6e0a0004a71caa",
        "name": "Nyaramba",
        "constituency": "North Mugirango",
        "county": "Nyamira",
        "__v": 0
    }
]